{
  "image_0000.png": [
    [
      0.39195386504994756,
      0.16822194665888168
    ],
    [
      0.7117692957558748,
      0.6634041083150831
    ]
  ],
  "image_0001.png": [
    [
      0.4034363933840076,
      0.30628619483399583
    ]
  ],
  "image_0002.png": [
    [
      0.09393582451020267,
      0.3213593655694823
    ]
  ],
  "image_0003.png": [
    [
      0.8188745311315602,
      0.9200057766939146
    ],
    [
      0.33694468812456213,
      0.05973871051762388
    ]
  ],
  "image_0004.png": [
    [
      0.6295055018635565,
      0.329698501844601
    ]
  ],
  "image_0005.png": [
    [
      0.840384248767436,
      0.11596810673563925
    ],
    [
      0.36484932511378526,
      0.5241618112548023
    ]
  ],
  "image_0006.png": [],
  "image_0007.png": [],
  "image_0008.png": [],
  "image_0009.png": [],
  "image_0010.png": [],
  "image_0011.png": [
    [
      0.5681537564815825,
      0.8782031183755582
    ]
  ],
  "image_0012.png": [
    [
      0.7464967444231995,
      0.6809268654242008
    ]
  ],
  "image_0013.png": [],
  "image_0014.png": [],
  "image_0015.png": [
    [
      0.4334242514308391,
      0.924191257382145
    ]
  ],
  "image_0016.png": [],
  "image_0017.png": [
    [
      0.8775985921290662,
      0.1637248703908695
    ],
    [
      0.08976888413508688,
      0.4151485969830947
    ]
  ],
  "image_0018.png": [
    [
      0.293319836502338,
      0.20939875963301346
    ],
    [
      0.5252916931022682,
      0.9415304567186804
    ]
  ],
  "image_0019.png": [],
  "image_0020.png": [],
  "image_0021.png": [],
  "image_0022.png": [
    [
      0.33720914267864077,
      0.43135904721271157
    ],
    [
      0.2506132243291592,
      0.34715037060048903
    ]
  ],
  "image_0023.png": [
    [
      0.6722774749913973,
      0.866104566693291
    ],
    [
      0.9322843732879957,
      0.3984714546898323
    ]
  ],
  "image_0024.png": [
    [
      0.42504096395707747,
      0.5259181654275152
    ]
  ],
  "image_0025.png": [
    [
      0.9470537575684912,
      0.6806322862992443
    ]
  ],
  "image_0026.png": [
    [
      0.13791674579806593,
      0.47748589185263596
    ],
    [
      0.7503492892290493,
      0.1433695877516562
    ]
  ],
  "image_0027.png": [],
  "image_0028.png": [
    [
      0.6648213418573453,
      0.5826823856389015
    ],
    [
      0.5874318985108457,
      0.36703966777348573
    ]
  ],
  "image_0029.png": [
    [
      0.3945126205920363,
      0.310058455404688
    ],
    [
      0.7662545469325007,
      0.285232085037001
    ]
  ],
  "image_0030.png": [
    [
      0.7656509316442268,
      0.6301431237561843
    ],
    [
      0.09027589843126214,
      0.2045905113270074
    ]
  ],
  "image_0031.png": [
    [
      0.9128100160557128,
      0.29490858925603675
    ]
  ],
  "image_0032.png": [
    [
      0.13588948659004976,
      0.8274282892076071
    ],
    [
      0.795538303068967,
      0.17750207132336956
    ]
  ],
  "image_0033.png": [
    [
      0.10615264402140306,
      0.662153151644813
    ]
  ],
  "image_0034.png": [],
  "image_0035.png": [
    [
      0.27611587314154357,
      0.7071337102647849
    ]
  ],
  "image_0036.png": [
    [
      0.30950954618139437,
      0.11133327381939388
    ],
    [
      0.42013623408297235,
      0.8298906952923791
    ]
  ],
  "image_0037.png": [
    [
      0.22263746423115957,
      0.17420208431880335
    ]
  ],
  "image_0038.png": [
    [
      0.558004136282857,
      0.7309446251454673
    ]
  ],
  "image_0039.png": [
    [
      0.7333194418289921,
      0.6509191181153824
    ],
    [
      0.20221061241780003,
      0.9023222262634201
    ]
  ],
  "image_0040.png": [],
  "image_0041.png": [
    [
      0.4378831129940298,
      0.17086162743437996
    ],
    [
      0.47821490973238145,
      0.4230052111005614
    ]
  ],
  "image_0042.png": [
    [
      0.6641848084055517,
      0.6416342075258656
    ],
    [
      0.8446087953439342,
      0.7619646067805693
    ]
  ],
  "image_0043.png": [],
  "image_0044.png": [
    [
      0.06565756472298193,
      0.2651947411599564
    ]
  ],
  "image_0045.png": [
    [
      0.8185650755849628,
      0.8749991452626061
    ]
  ],
  "image_0046.png": [
    [
      0.6365747445947764,
      0.11929457430702296
    ],
    [
      0.2852781919328601,
      0.42601349864363797
    ]
  ],
  "image_0047.png": [
    [
      0.669719902396689,
      0.24440181434130664
    ],
    [
      0.7808102036356294,
      0.10245653302892642
    ]
  ],
  "image_0048.png": [],
  "image_0049.png": [
    [
      0.17005360463528624,
      0.06863140652311682
    ],
    [
      0.27821594634770874,
      0.6502939492296224
    ]
  ],
  "image_0050.png": [
    [
      0.5754062691252942,
      0.7438597164767088
    ]
  ],
  "image_0051.png": [
    [
      0.6939034997553508,
      0.08658810696765881
    ],
    [
      0.1464084551670762,
      0.7410579991975794
    ]
  ],
  "image_0052.png": [
    [
      0.15386142361436103,
      0.5462046409602472
    ]
  ],
  "image_0053.png": [
    [
      0.8030784025456508,
      0.789499780237104
    ],
    [
      0.21231542217704422,
      0.4906210418381508
    ]
  ],
  "image_0054.png": [
    [
      0.4241346001795809,
      0.16165319127181513
    ],
    [
      0.871983339559313,
      0.7003513591425092
    ]
  ],
  "image_0055.png": [
    [
      0.5395716843159625,
      0.4357325335747905
    ],
    [
      0.8644080130985724,
      0.5024665099998707
    ]
  ],
  "image_0056.png": [
    [
      0.6065596796853077,
      0.16414353497839565
    ]
  ],
  "image_0057.png": [
    [
      0.2787340255728149,
      0.7853051679514429
    ],
    [
      0.1851893945214182,
      0.7220248287911903
    ]
  ],
  "image_0058.png": [],
  "image_0059.png": [
    [
      0.6602615847145816,
      0.12330821564395943
    ],
    [
      0.4333916243986989,
      0.2807349967621273
    ]
  ],
  "image_0060.png": [
    [
      0.31835970577266937,
      0.21654537304223273
    ],
    [
      0.44404028264529943,
      0.8814392967409166
    ]
  ],
  "image_0061.png": [],
  "image_0062.png": [
    [
      0.6781660611898156,
      0.478270843006719
    ]
  ],
  "image_0063.png": [],
  "image_0064.png": [],
  "image_0065.png": [
    [
      0.6781888080942746,
      0.7611892771784818
    ]
  ],
  "image_0066.png": [
    [
      0.7383044932660473,
      0.4860921484042891
    ]
  ],
  "image_0067.png": [
    [
      0.8195332680083919,
      0.11891124591751066
    ],
    [
      0.5843663594187702,
      0.2149266309805839
    ]
  ],
  "image_0068.png": [],
  "image_0069.png": [
    [
      0.5053312283227405,
      0.33590822863611625
    ]
  ],
  "image_0070.png": [
    [
      0.0702461440349645,
      0.07025797529988406
    ],
    [
      0.09996084236076959,
      0.44778469593161907
    ]
  ],
  "image_0071.png": [
    [
      0.7506321860129712,
      0.9283945083678218
    ]
  ],
  "image_0072.png": [
    [
      0.689874124989639,
      0.0843237321405778
    ]
  ],
  "image_0073.png": [
    [
      0.4489593760247048,
      0.10241850475460748
    ]
  ],
  "image_0074.png": [],
  "image_0075.png": [],
  "image_0076.png": [
    [
      0.35638785591998917,
      0.7466085805835165
    ],
    [
      0.7505490475472731,
      0.7119879426414114
    ]
  ],
  "image_0077.png": [
    [
      0.24718053674661353,
      0.33815609562893195
    ],
    [
      0.47282862568357475,
      0.20451359083906182
    ]
  ],
  "image_0078.png": [
    [
      0.7955040131189323,
      0.6570657330026828
    ]
  ],
  "image_0079.png": [],
  "image_0080.png": [
    [
      0.7039483417005792,
      0.5745052355324952
    ],
    [
      0.6199137052319301,
      0.16977808460660923
    ]
  ],
  "image_0081.png": [
    [
      0.8667172466074249,
      0.38365341903683076
    ],
    [
      0.8042336334632638,
      0.5897764579423725
    ]
  ],
  "image_0082.png": [],